churn_reason,count,share,cumulative_share
billing,1654,0.4346911957950066,0.4346911957950066
price sensitivity,592,0.15558475689881734,0.5902759526938239
competitor,475,0.12483574244415244,0.7151116951379763
no usage,457,0.12010512483574244,0.8352168199737188
product dissatisfaction,314,0.08252299605781865,0.9177398160315374
support issues,313,0.08226018396846255,1.0
