plan_type,customers,churn_rate
Basic,3155,0.719175911251981
Premium,1449,0.27605244996549344
Standard,2896,0.39226519337016574
