payment_method,customers,churn_rate
ACH,874,0.545766590389016
Card,4826,0.5041442188147535
PayPal,1207,0.4979287489643745
Wallet,593,0.4957841483979764
