region,customers,churn_rate
APAC,1495,0.5103678929765886
Europe,1750,0.5017142857142857
Latin America,1403,0.5424091233071988
North America,2852,0.49193548387096775
