acquisition_channel,customers,churn_rate
Direct,1332,0.4827327327327327
Email,857,0.5297549591598599
Organic Search,1884,0.5037154989384289
Paid Ads,1317,0.6271829916476841
Partnerships,920,0.4815217391304348
Referral,1190,0.4117647058823529
