{
  "best_model": "random_forest",
  "metrics": {
    "logistic_regression": {
      "accuracy": 0.9008,
      "precision": 0.9090909090909091,
      "recall": 0.8937960042060988,
      "f1": 0.9013785790031813,
      "roc_auc": 0.961981236429186
    },
    "random_forest": {
      "accuracy": 0.9338666666666666,
      "precision": 0.9384941675503712,
      "recall": 0.9305993690851735,
      "f1": 0.9345300950369588,
      "roc_auc": 0.9800403767280739
    }
  }
}